"ID","Inventory","Master","Classification"
"AI-REQ-001","True","True","KEEP_CANDIDATE"
"AI-REQ-002","True","True","KEEP_CANDIDATE"
"AI-REQ-003","True","True","KEEP_CANDIDATE"
"AUTH-REQ-001","True","True","KEEP_CANDIDATE"
"AUTH-REQ-002","True","True","KEEP_CANDIDATE"
"C2-REQ-001","True","False","GAP"
"C2-REQ-002","True","True","KEEP_CANDIDATE"
"C2-REQ-003","True","True","KEEP_CANDIDATE"
"CFG-REQ-001","True","False","GAP"
"COL-REQ-001","True","False","GAP"
"DATA-REQ-001","True","False","GAP"
"HMI-REQ-001","True","False","GAP"
"HW-REQ-001","True","False","GAP"
"MIS-REQ-001","True","False","GAP"
"MUL-REQ-001","True","False","GAP"
"NAV-REQ-001","True","True","KEEP_CANDIDATE"
"RDY-REQ-001","True","False","GAP"
"RET-REQ-001","True","False","GAP"
"RET-REQ-004","True","True","KEEP_CANDIDATE"
"RTE-REQ-001","True","False","GAP"
"SAF-REQ-001","True","False","GAP"
"SAF-REQ-002","True","False","GAP"
"SAF-REQ-003","True","False","GAP"
"SAF-REQ-004","True","False","GAP"
"SAF-REQ-005","True","False","GAP"
"SAF-REQ-006","True","False","GAP"
"SAF-REQ-007","True","False","GAP"
"SAF-REQ-008","True","False","GAP"
"SAF-REQ-009","True","False","GAP"
"SAF-REQ-010","True","False","GAP"
"SAF-REQ-011","True","False","GAP"
"SAF-REQ-012","True","False","GAP"
"SAF-REQ-013","True","False","GAP"
"SAF-REQ-014","True","False","GAP"
"SAF-REQ-015","True","False","GAP"
"SAF-REQ-016","True","False","GAP"
"SAF-REQ-017","True","False","GAP"
"SAF-REQ-018","True","False","GAP"
"SAF-REQ-019","True","True","KEEP_CANDIDATE"
"SAF-REQ-020","True","True","KEEP_CANDIDATE"
"SW-REQ-001","True","False","GAP"
"SYS-REQ-001","True","True","KEEP_CANDIDATE"
"SYS-REQ-002","True","False","GAP"
"SYS-REQ-003","True","False","GAP"
"SYS-REQ-009","True","True","KEEP_CANDIDATE"
"SYS-REQ-010","True","False","GAP"
"SYS-REQ-011","True","False","GAP"
"SYS-REQ-012","True","False","GAP"
"SYS-REQ-013","True","False","GAP"
"SYS-REQ-014","True","False","GAP"
"SYS-REQ-015","True","False","GAP"
"SYS-REQ-016","True","False","GAP"
"SYS-REQ-017","True","False","GAP"
"SYS-REQ-018","True","False","GAP"
"SYS-REQ-019","True","False","GAP"
"SYS-REQ-020","True","False","GAP"
"SYS-REQ-021","True","False","GAP"
"SYS-REQ-022","True","False","GAP"
"SYS-REQ-023","True","False","GAP"
"SYS-REQ-025","True","True","KEEP_CANDIDATE"
"SYS-REQ-026","True","False","GAP"
"SYS-REQ-027","True","False","GAP"
"SYS-REQ-028","True","False","GAP"
"SYS-REQ-029","True","False","GAP"
"SYS-REQ-030","True","False","GAP"
"SYS-REQ-032","True","True","KEEP_CANDIDATE"
"SYS-REQ-033","True","False","GAP"
"SYS-REQ-035","True","True","KEEP_CANDIDATE"
"SYS-REQ-067","True","True","KEEP_CANDIDATE"
"SYS-REQ-080","True","True","KEEP_CANDIDATE"
"SYS-REQ-081","True","True","KEEP_CANDIDATE"
"SYS-REQ-082","True","True","KEEP_CANDIDATE"
"SYS-REQ-083","True","True","KEEP_CANDIDATE"
"SYS-REQ-084","True","True","KEEP_CANDIDATE"
"SYS-REQ-085","True","True","KEEP_CANDIDATE"
"SYS-REQ-086","True","True","KEEP_CANDIDATE"
"SYS-REQ-087","True","True","KEEP_CANDIDATE"
"SYS-REQ-088","True","True","KEEP_CANDIDATE"
"SYS-REQ-089","True","True","KEEP_CANDIDATE"
"SYS-REQ-090","True","True","KEEP_CANDIDATE"
"SYS-REQ-091","True","True","KEEP_CANDIDATE"
"SYS-REQ-092","True","True","KEEP_CANDIDATE"
"SYS-REQ-093","True","True","KEEP_CANDIDATE"
"SYS-REQ-094","True","True","KEEP_CANDIDATE"
"SYS-REQ-095","True","True","KEEP_CANDIDATE"
"SYS-REQ-096","True","True","KEEP_CANDIDATE"
"SYS-REQ-097","True","True","KEEP_CANDIDATE"
"SYS-REQ-098","True","True","KEEP_CANDIDATE"
"SYS-REQ-099","True","True","KEEP_CANDIDATE"
"SYS-REQ-100","True","True","KEEP_CANDIDATE"
"SYS-REQ-101","True","True","KEEP_CANDIDATE"
"SYS-REQ-102","True","True","KEEP_CANDIDATE"
"SYS-REQ-104","True","True","KEEP_CANDIDATE"
"SYS-REQ-107","True","True","KEEP_CANDIDATE"
"SYS-REQ-108","True","True","KEEP_CANDIDATE"
"SYS-REQ-110","True","True","KEEP_CANDIDATE"
"SYS-REQ-111","True","True","KEEP_CANDIDATE"
"SYS-REQ-112","True","True","KEEP_CANDIDATE"
"WP-REQ-001","True","False","GAP"
